website,Content Length,Referring Domains Landing Page,Video Usage,Ordered List,Markups,Readability,Core Web Vitals,Speed,https,Mobile,Indexed Keywords,Referring Domains ,Backlinks,Follow links,Rank
gatlinburg.com/places-to-stay/cabins-and-chalets/,604 words,96,No,Yes,No,57,No,30,Yes,Yes,8500,5100,99500,0.92,1
cabinsofthesmokymountains.com/,1000,4200,No,Yes,Yes,60,Yes,39,Yes,Yes,54300,4200,68800,0.9,2
cabinsforyou.com,3655 words,203,No,Yes,No,62,Yes,47,Yes,Yes,53800,3900,97000,0.94,3
smokymountains.com/gatlinburg/cabins/,554 words,116,No,Yes,No,91,No,54,Yes,Yes,9600,12400,820000,0.97,4
https://www.vrbo.com/vacation-rentals/cabins/usa/tennessee/east/gatlinburg,900,35,No,Yes,No,60,No,24,Yes,Yes,1500,110000,21900000,0.6,5
auntbugs.com,1425 words,163,No,Yes,Yes,43,Yes,29,Yes,Yes,30000,2000,9200,0.77,6
patriotgetaways.com,1900 words,309,No,Yes,Yes,49,Yes,46,Yes,Yes,56700,3700,23500,0.74,7
www.yourcabin.com/cabin-rentals/gatlinburg-cabins/,7886 words,23,No,Yes,Yes,60,Yes,47,Yes,Yes,1300,2800,17200,0.62,8
elkspringsresort.com,704 words,175,Yes,Yes,No,54,Yes,41,Yes,Yes,31000,2100,9600,0.73,9
cabinsusagatlinburg.com,1526 words,162,No,Yes,No,63,No,77,Yes,Yes,30900,10900,2300,0.59,10
https://www.gatlinburgfallsresort.com/,382,564,No,No,Yes,55,Yes,45,Yes,No,14600,564,2500,0.73,11
https://www.parksidecabinrentals.com/,515,1400,No,No,Yes,55,No,23,Yes,Yes,21800,1400,8600,0.49,12
https://www.cabinsusa.com/gatlinburg-cabin-rentals.php,1000,30,No,Yes,Yes,60,No,59,Yes,Yes,56600,3400,59200,0.88,13
https://colonialproperties.com/,350,558,No,No,No,50,Yes,36,Yes,Yes,41400,558,14100,0.65,14
